service,method,path,url,summary,documentation
"accounts","GET","/","/accounts/","Health check","false"
"accounts","GET","/emojiConfig/whitelistedEmojis","/accounts/emojiConfig/whitelistedEmojis","Emoji a player may use as their displayEmoji","false"
"accounts","GET","/account/me","/accounts/account/me","The caller’s own account","false"
"accounts","GET","/account/search","/accounts/account/search","Prefix-search accounts by username","false"
"accounts","GET","/account/bulk","/accounts/account/bulk","Look up many accounts by id","false"
"accounts","GET","/account/:id/bio","/accounts/account/:id/bio","A player’s bio","false"
"accounts","GET","/account/:id","/accounts/account/:id","A single public account","false"
"accounts","POST","/account/create","/accounts/account/create","Create an account","false"
"accounts","GET","/parentalcontrol/me","/accounts/parentalcontrol/me","The caller’s parental-control flags","false"
"accounts","GET","/accountprivacysettings/:id{[0-9]+}","/accounts/accountprivacysettings/:id{[0-9]+}","An account’s privacy settings","false"
"accounts","PUT","/account/me/displayname","/accounts/account/me/displayname","Set display name","false"
"accounts","PUT","/account/me/username","/accounts/account/me/username","Change username","false"
"accounts","POST","/account/me/email","/accounts/account/me/email","Set email","false"
"accounts","POST","/account/me/phone","/accounts/account/me/phone","Set phone number","false"
"accounts","PUT","/account/me/identityflags","/accounts/account/me/identityflags","Set identity flags","false"
"accounts","PUT","/account/me/personalpronouns","/accounts/account/me/personalpronouns","Set personal pronouns","false"
"accounts","PUT","/account/me/bio","/accounts/account/me/bio","Set bio","false"
"accounts","PUT","/account/me/emoji","/accounts/account/me/emoji","Set display emoji","false"
"accounts","PUT","/account/me/bannerimage","/accounts/account/me/bannerimage","Set profile banner image","false"
"accounts","PUT","/account/me/profileimage","/accounts/account/me/profileimage","Set profile image","false"
"accounts","GET","/openapi.json","/accounts/openapi.json","","true"
"ai","GET","/","/ai/","Health check","false"
"ai","GET","/gameai/user/access","/ai/gameai/user/access","May the caller use Game AI here?","false"
"ai","GET","/gameai/room/:roomId{[0-9]+}/spendsummary","/ai/gameai/room/:roomId{[0-9]+}/spendsummary","A room’s Game AI spend summary","false"
"ai","GET","/roomieai/user/access","/ai/roomieai/user/access","The caller’s Roomie AI energy budget","false"
"ai","GET","/roomieai/user/facts","/ai/roomieai/user/facts","What Roomie knows about the caller","false"
"ai","GET","/makerai/user/access","/ai/makerai/user/access","May the caller use Maker AI?","false"
"ai","GET","/makerai/user/balances","/ai/makerai/user/balances","The caller’s Maker AI usage balances","false"
"ai","POST","/realtime-session/create","/ai/realtime-session/create","Open a realtime AI session","false"
"ai","GET","/openapi.json","/ai/openapi.json","","true"
"api","GET","/api/config/v1/amplitude","/api/api/config/v1/amplitude","Analytics keys","false"
"api","GET","/api/config/v1/azurespeech","/api/api/config/v1/azurespeech","Speech-to-text config","false"
"api","GET","/api/config/v1/backtrace","/api/api/config/v1/backtrace","Crash reporter config","false"
"api","GET","/api/config/v2","/api/api/config/v2","The main client config blob","false"
"api","GET","/api/versioncheck/v4","/api/api/versioncheck/v4","Client version check","false"
"api","GET","/api/versioncheck/islandedversions","/api/api/versioncheck/islandedversions","Islanded client builds","false"
"api","GET","/api/gameconfigs/v1/all","/api/api/gameconfigs/v1/all","Per-game configuration","false"
"api","POST","/statsigUserProperties","/api/statsigUserProperties","Statsig user properties","false"
"api","GET","/voice/config","/api/voice/config","Voice chat config","false"
"api","GET","/api/relationships/v2/get","/api/api/relationships/v2/get","The caller’s relationships","false"
"api","GET","/api/relationships/mutualfriends","/api/api/relationships/mutualfriends","Friends in common with another player","false"
"api","POST","/api/messages/v2/send","/api/api/messages/v2/send","Send a message to another player","false"
"api","POST","/api/messages/v1/sendMultiple","/api/api/messages/v1/sendMultiple","Send one message to several players","false"
"api","GET","/api/relationships/v2/sendfriendrequest","/api/api/relationships/v2/sendfriendrequest","Send a friend request","false"
"api","POST","/api/relationships/v2/sendfriendrequest","/api/api/relationships/v2/sendfriendrequest","Send a friend request","false"
"api","GET","/api/relationships/v2/acceptfriendrequest","/api/api/relationships/v2/acceptfriendrequest","Accept a friend request","false"
"api","POST","/api/relationships/v2/acceptfriendrequest","/api/api/relationships/v2/acceptfriendrequest","Accept a friend request","false"
"api","GET","/api/relationships/v2/removefriend","/api/api/relationships/v2/removefriend","Unfriend, or cancel/decline a request","false"
"api","POST","/api/relationships/v2/removefriend","/api/api/relationships/v2/removefriend","Unfriend, or cancel/decline a request","false"
"api","GET","/api/relationships/v2/addfriend","/api/api/relationships/v2/addfriend","Befriend directly","false"
"api","POST","/api/relationships/v2/addfriend","/api/api/relationships/v2/addfriend","Befriend directly","false"
"api","GET","/api/relationships/v1/ignore","/api/api/relationships/v1/ignore","Ignore a player","false"
"api","POST","/api/relationships/v1/ignore","/api/api/relationships/v1/ignore","Ignore a player","false"
"api","GET","/api/relationships/v1/unignore","/api/api/relationships/v1/unignore","Stop ignoring a player","false"
"api","POST","/api/relationships/v1/unignore","/api/api/relationships/v1/unignore","Stop ignoring a player","false"
"api","GET","/api/relationships/v1/mute","/api/api/relationships/v1/mute","Mute a player","false"
"api","POST","/api/relationships/v1/mute","/api/api/relationships/v1/mute","Mute a player","false"
"api","GET","/api/relationships/v1/unmute","/api/api/relationships/v1/unmute","Unmute a player","false"
"api","POST","/api/relationships/v1/unmute","/api/api/relationships/v1/unmute","Unmute a player","false"
"api","GET","/api/relationships/v1/favorite","/api/api/relationships/v1/favorite","Favorite a player","false"
"api","POST","/api/relationships/v1/favorite","/api/api/relationships/v1/favorite","Favorite a player","false"
"api","GET","/api/relationships/v1/unfavorite","/api/api/relationships/v1/unfavorite","Unfavorite a player","false"
"api","POST","/api/relationships/v1/unfavorite","/api/api/relationships/v1/unfavorite","Unfavorite a player","false"
"api","GET","/api/messages/v2/get","/api/api/messages/v2/get","Direct messages","false"
"api","POST","/api/messages/v3/delete","/api/api/messages/v3/delete","Delete messages","false"
"api","POST","/api/messages/v1/friendOnlineStatus","/api/api/messages/v1/friendOnlineStatus","How many friends are online","false"
"api","GET","/api/messages/v1/favoriteFriendOnlineStatus","/api/api/messages/v1/favoriteFriendOnlineStatus","Online status of favorited friends","false"
"api","GET","/api/playerReputation/v1/:id","/api/api/playerReputation/v1/:id","A player’s reputation","false"
"api","GET","/api/players/v1/progression/:id","/api/api/players/v1/progression/:id","A player’s level and XP","false"
"api","POST","/api/playerReputation/v1/bulk","/api/api/playerReputation/v1/bulk","Reputations in bulk (v1)","false"
"api","POST","/api/playerReputation/v2/bulk","/api/api/playerReputation/v2/bulk","Reputations in bulk","false"
"api","GET","/api/playerReputation/v2/bulk","/api/api/playerReputation/v2/bulk","Reputations in bulk (GET form)","false"
"api","POST","/api/PlayerCheer/v1/create","/api/api/PlayerCheer/v1/create","Cheer another player","false"
"api","POST","/api/PlayerCheer/v1/SetSelectedCheer","/api/api/PlayerCheer/v1/SetSelectedCheer","Pin a cheer to your profile","false"
"api","POST","/api/players/v1/progression/bulk","/api/api/players/v1/progression/bulk","Progressions in bulk (v1)","false"
"api","POST","/api/players/v2/progression/bulk","/api/api/players/v2/progression/bulk","Progressions in bulk (v2)","false"
"api","GET","/api/players/v2/progression/bulk","/api/api/players/v2/progression/bulk","Progressions in bulk (GET form)","false"
"api","POST","/api/v1/progression/bulk","/api/api/v1/progression/bulk","Progressions in bulk (unversioned path)","false"
"api","GET","/api/progressionEvents/active","/api/api/progressionEvents/active","Progression events currently running (stub)","false"
"api","POST","/api/avatar/v2/gifts/generate","/api/api/avatar/v2/gifts/generate","Generate a gift box","false"
"api","POST","/api/avatar/v1/lockeditems/bulk","/api/api/avatar/v1/lockeditems/bulk","Locked avatar items in bulk","false"
"api","GET","/api/customAvatarItems/v1/isCreationAllowedForAccount","/api/api/customAvatarItems/v1/isCreationAllowedForAccount","May this account create custom items?","false"
"api","GET","/api/customAvatarItems/v1/isCreationEnabled","/api/api/customAvatarItems/v1/isCreationEnabled","Is custom-item creation enabled?","false"
"api","GET","/api/customAvatarItems/v1/isRenderingEnabled","/api/api/customAvatarItems/v1/isRenderingEnabled","Is custom-item rendering enabled?","false"
"api","GET","/api/customAvatarItems/v1/minPriceForPublicItem","/api/api/customAvatarItems/v1/minPriceForPublicItem","Minimum token price for a public custom item","false"
"api","POST","/api/customAvatarItems/v1","/api/api/customAvatarItems/v1","Create a custom avatar item","false"
"api","PUT","/api/customAvatarItems/v1/:id{[0-9a-fA-F-]{36}}","/api/api/customAvatarItems/v1/:id{[0-9a-fA-F-]{36}}","Edit a custom avatar item","false"
"api","DELETE","/api/customAvatarItems/v1/:id{[0-9a-fA-F-]{36}}","/api/api/customAvatarItems/v1/:id{[0-9a-fA-F-]{36}}","Delete a custom avatar item","false"
"api","GET","/api/customAvatarItems/v1/featured","/api/api/customAvatarItems/v1/featured","Featured custom avatar items","false"
"api","GET","/api/customAvatarItems/v1/search","/api/api/customAvatarItems/v1/search","Search custom avatar items","false"
"api","GET","/api/customAvatarItems/v1/hot","/api/api/customAvatarItems/v1/hot","Trending custom avatar items","false"
"api","POST","/api/customAvatarItems/v1/bulk","/api/api/customAvatarItems/v1/bulk","Custom avatar items in bulk","false"
"api","GET","/api/customAvatarItems/v2/fromCreator/:accountId{[0-9]+}","/api/api/customAvatarItems/v2/fromCreator/:accountId{[0-9]+}","A creator’s custom avatar items","false"
"api","POST","/api/customAvatarItems/GetCustomAvatarItemCurrentSavesForLegacyAvatarItems","/api/api/customAvatarItems/GetCustomAvatarItemCurrentSavesForLegacyAvatarItems","Custom-item saves for legacy avatar items","false"
"api","GET","/outfits/me","/api/outfits/me","The caller’s outfit","false"
"api","PUT","/outfits/me","/api/outfits/me","Save the caller’s outfit","false"
"api","POST","/outfits/bulk","/api/outfits/bulk","Several players’ outfits","false"
"api","GET","/outfits/me/saved","/api/outfits/me/saved","The caller’s saved outfits","false"
"api","GET","/api/inventions/v1","/api/api/inventions/v1","One invention by id","false"
"api","GET","/api/inventions/v1/tagfilters","/api/api/inventions/v1/tagfilters","Invention browse filter chips","false"
"api","GET","/api/inventions/v2/batch","/api/api/inventions/v2/batch","Inventions by id, in bulk","false"
"api","GET","/api/inventions/v1/fulllineageowner","/api/api/inventions/v1/fulllineageowner","Does the caller own this whole lineage?","false"
"api","GET","/api/inventions/v1/room","/api/api/inventions/v1/room","A room’s inventions","false"
"api","GET","/api/inventions/v1/personaldetails/:inventionId{[0-9]+}","/api/api/inventions/v1/personaldetails/:inventionId{[0-9]+}","The caller’s own relation to an invention","false"
"api","GET","/api/inventions/v1/version","/api/api/inventions/v1/version","One version of an invention","false"
"api","GET","/api/inventions/v1/update","/api/api/inventions/v1/update","Edit an invention’s metadata","false"
"api","POST","/api/inventions/v1/update","/api/api/inventions/v1/update","Edit an invention’s metadata","false"
"api","GET","/api/inventions/v3/publish","/api/api/inventions/v3/publish","Publish an invention","false"
"api","POST","/api/inventions/v1/updateprice","/api/api/inventions/v1/updateprice","Set an invention’s price","false"
"api","POST","/api/inventions/v1/settags","/api/api/inventions/v1/settags","Replace an invention’s tags","false"
"api","GET","/api/inventions/v1/details","/api/api/inventions/v1/details","An invention’s detail card","false"
"api","GET","/api/inventions/v1/toptoday","/api/api/inventions/v1/toptoday","The “top today” feed","false"
"api","GET","/api/inventions/v1/featured","/api/api/inventions/v1/featured","The featured feed","false"
"api","GET","/api/inventions/v1/featureddormskins","/api/api/inventions/v1/featureddormskins","The featured dorm-skin feed","false"
"api","GET","/api/inventions/v1/fromcreators","/api/api/inventions/v1/fromcreators","Inventions by particular creators (stub)","false"
"api","GET","/api/inventions/v2/search","/api/api/inventions/v2/search","Search / browse inventions","false"
"api","GET","/api/inventions/v2/mine","/api/api/inventions/v2/mine","The caller’s own inventions","false"
"api","POST","/api/customAvatarItems/v1/:id{[0-9a-fA-F-]{36}}/report","/api/api/customAvatarItems/v1/:id{[0-9a-fA-F-]{36}}/report","Report a custom avatar item","false"
"api","POST","/api/inventions/v1/cheer","/api/api/inventions/v1/cheer","Cheer or un-cheer an invention","false"
"api","POST","/api/inventions/v1/report","/api/api/inventions/v1/report","Report an invention","false"
"api","POST","/api/inventions/v6/save","/api/api/inventions/v6/save","Save a new invention","false"
"api","POST","/api/inventions/v9/save","/api/api/inventions/v9/save","Save a new invention (v9)","false"
"api","PUT","/api/inventions/v2/metadata","/api/api/inventions/v2/metadata","Edit an invention’s metadata (v2)","false"
"api","POST","/api/inventions/v4/publish","/api/api/inventions/v4/publish","Publish an invention (v4)","false"
"api","POST","/api/inventions/v2/delete","/api/api/inventions/v2/delete","Delete an invention","false"
"api","POST","/api/sanitize/v1","/api/api/sanitize/v1","Sanitize a string","false"
"api","POST","/api/sanitize/v1/isPure","/api/api/sanitize/v1/isPure","Whether a string is clean","false"
"api","GET","/api/activities/charades/v1/words/:activity","/api/api/activities/charades/v1/words/:activity","An activity’s word bank","false"
"api","GET","/api/keepsakes/globalconfig","/api/api/keepsakes/globalconfig","Keepsake feature switches","false"
"api","GET","/api/keepsakes/rooms/:roomId","/api/api/keepsakes/rooms/:roomId","A room’s keepsakes","false"
"api","GET","/api/keepsakes/categories","/api/api/keepsakes/categories","Keepsake categories","false"
"api","GET","/api/communityboard/v2/current","/api/api/communityboard/v2/current","The current community board","false"
"api","GET","/api/CircuitChipLists/:list","/api/api/CircuitChipLists/:list","One circuit chip list","false"
"api","GET","/api/announcement/v1/get","/api/api/announcement/v1/get","Announcements","false"
"api","POST","/api/gamesight/event","/api/api/gamesight/event","Analytics event sink","false"
"api","GET","/api/playerevents/v1","/api/api/playerevents/v1","The player-events browse feed","false"
"api","GET","/api/playerevents/v1/all","/api/api/playerevents/v1/all","The caller’s player events","false"
"api","GET","/api/playerevents/v1/tagfilters","/api/api/playerevents/v1/tagfilters","Player-event filter chips","false"
"api","GET","/api/playerevents/v1/clubs","/api/api/playerevents/v1/clubs","Player events across several clubs","false"
"api","GET","/api/playerevents/v1/club/:clubId{[0-9]+}","/api/api/playerevents/v1/club/:clubId{[0-9]+}","Player events for one club","false"
"api","GET","/api/playerevents/v1/room/:roomId{[0-9]+}","/api/api/playerevents/v1/room/:roomId{[0-9]+}","Player events in one room","false"
"api","GET","/api/playerevents/v1/searchlive","/api/api/playerevents/v1/searchlive","Live player events","false"
"api","GET","/api/playerevents/v1/search","/api/api/playerevents/v1/search","Search player events","false"
"api","POST","/api/playerevents/v1/bulk","/api/api/playerevents/v1/bulk","Several player events by id","false"
"api","GET","/api/playerevents/v1/bulk","/api/api/playerevents/v1/bulk","Several player events by id (query form)","false"
"api","POST","/api/playerevents/v1/respond","/api/api/playerevents/v1/respond","Answer a player event","false"
"api","POST","/api/playerevents/v1/report","/api/api/playerevents/v1/report","Report a player event","false"
"api","POST","/api/playerevents/v1/bulkInvite","/api/api/playerevents/v1/bulkInvite","Invite players to an event","false"
"api","POST","/api/playerevents/v2","/api/api/playerevents/v2","Create a player event","false"
"api","POST","/api/playerevents/v2/delete/:eventId{[0-9]+}","/api/api/playerevents/v2/delete/:eventId{[0-9]+}","Delete a player event","false"
"api","DELETE","/api/playerevents/v2/delete/:eventId{[0-9]+}","/api/api/playerevents/v2/delete/:eventId{[0-9]+}","Delete a player event","false"
"api","GET","/api/playerevents/v2/:eventId{[0-9]+}","/api/api/playerevents/v2/:eventId{[0-9]+}","One player event (v2 envelope)","false"
"api","POST","/api/playerevents/v2/:eventId{[0-9]+}","/api/api/playerevents/v2/:eventId{[0-9]+}","Update a player event","false"
"api","PUT","/api/playerevents/v2/:eventId{[0-9]+}/time","/api/api/playerevents/v2/:eventId{[0-9]+}/time","Reschedule a player event","false"
"api","PUT","/api/playerevents/v2/:eventId{[0-9]+}/accessibility","/api/api/playerevents/v2/:eventId{[0-9]+}/accessibility","Set a player event’s accessibility","false"
"api","PUT","/api/playerevents/v2/:eventId{[0-9]+}/tags","/api/api/playerevents/v2/:eventId{[0-9]+}/tags","Set a player event’s tags","false"
"api","PUT","/api/playerevents/v2/:eventId{[0-9]+}/description","/api/api/playerevents/v2/:eventId{[0-9]+}/description","Set a player event’s description","false"
"api","PUT","/api/playerevents/v2/:eventId{[0-9]+}/name","/api/api/playerevents/v2/:eventId{[0-9]+}/name","Rename a player event","false"
"api","GET","/api/playerevents/v1/:eventId{[0-9]+}/responses","/api/api/playerevents/v1/:eventId{[0-9]+}/responses","An event’s RSVPs","false"
"api","GET","/api/playerevents/v1/:eventId{[0-9]+}","/api/api/playerevents/v1/:eventId{[0-9]+}","One player event","false"
"api","GET","/api/PlayerReporting/v1/moderationBlockDetails","/api/api/PlayerReporting/v1/moderationBlockDetails","Whether the caller is blocked","false"
"api","POST","/api/PlayerReporting/v1/moderationBlockDetails","/api/api/PlayerReporting/v1/moderationBlockDetails","Whether the caller is blocked","false"
"api","GET","/api/PlayerReporting/v1/voteToKickReasons","/api/api/PlayerReporting/v1/voteToKickReasons","Vote-to-kick reasons","false"
"api","POST","/api/PlayerReporting/v1/referee","/api/api/PlayerReporting/v1/referee","Whether the caller is a referee","false"
"api","GET","/api/referee/files","/api/api/referee/files","Referee case files","false"
"api","POST","/api/PlayerReporting/v1/hile","/api/api/PlayerReporting/v1/hile","Report submission sink","false"
"api","POST","/api/PlayerReporting/v3/create","/api/api/PlayerReporting/v3/create","Submit a player report","false"
"api","POST","/api/PlayerReporting/v3/voteToKick","/api/api/PlayerReporting/v3/voteToKick","Call a vote to kick a player","false"
"api","POST","/api/PlayerReporting/v1/instantKick","/api/api/PlayerReporting/v1/instantKick","Kick players out of a room instance","false"
"api","POST","/api/playerwarnings","/api/api/playerwarnings","Issue a player warning","false"
"api","POST","/api/PlayerReporting/v1/deviceId","/api/api/PlayerReporting/v1/deviceId","Device id rotation (known broken)","false"
"api","GET","/api/equipment/v2/getUnlocked","/api/api/equipment/v2/getUnlocked","Unlocked equipment","false"
"api","GET","/api/consumables/v2/getUnlocked","/api/api/consumables/v2/getUnlocked","Unlocked consumables","false"
"api","GET","/api/roomkeys/v1/mine","/api/api/roomkeys/v1/mine","The caller’s room keys","false"
"api","GET","/api/roomkeys/v1/room","/api/api/roomkeys/v1/room","A room’s keys","false"
"api","GET","/api/quickPlay/v1/getandclear","/api/api/quickPlay/v1/getandclear","Take the pending quick-play action","false"
"api","GET","/api/rooms/v1/filters","/api/api/rooms/v1/filters","Room browse filter chips","false"
"api","POST","/api/rooms/v1/verifyRole","/api/api/rooms/v1/verifyRole","Verify the caller’s role in a room","false"
"api","GET","/api/images/v2/named","/api/api/images/v2/named","Named images","false"
"api","POST","/api/images/v4/uploadsaved","/api/api/images/v4/uploadsaved","Upload a saved image","false"
"api","DELETE","/api/images/v1/deletesaved","/api/api/images/v1/deletesaved","Delete one of the caller’s photos","false"
"api","GET","/api/images/v4/room/:roomId{[0-9]+}","/api/api/images/v4/room/:roomId{[0-9]+}","A room’s photo feed","false"
"api","GET","/api/images/v4/player/:playerId{[0-9]+}","/api/api/images/v4/player/:playerId{[0-9]+}","A player’s photos","false"
"api","GET","/api/images/v5/player/:playerId{[0-9]+}","/api/api/images/v5/player/:playerId{[0-9]+}","A player’s photos, sortable","false"
"api","GET","/api/images/v3/feed/player/:playerId{[0-9]+}","/api/api/images/v3/feed/player/:playerId{[0-9]+}","A player’s photo feed","false"
"api","GET","/api/images/v1/slideshow","/api/api/images/v1/slideshow","The global slideshow feed","false"
"api","GET","/api/images/v5/bulk","/api/api/images/v5/bulk","Image metadata by id, in bulk","false"
"api","GET","/api/images/v6","/api/api/images/v6","Image metadata by filename","false"
"api","POST","/api/images/v1/cheer","/api/api/images/v1/cheer","Cheer or un-cheer a photo","false"
"api","GET","/api/images/v5/cheered/bulk","/api/api/images/v5/cheered/bulk","Which photos the caller has cheered","false"
"api","POST","/api/images/v5/cheered/bulk","/api/api/images/v5/cheered/bulk","Which photos the caller has cheered (bulk POST)","false"
"api","GET","/api/players/v1/playerPhotoTaggingSetting","/api/api/players/v1/playerPhotoTaggingSetting","The caller’s photo-tagging preference","false"
"api","PUT","/api/players/v1/playerPhotoTaggingSetting","/api/api/players/v1/playerPhotoTaggingSetting","Set the caller’s photo-tagging preference","false"
"api","GET","/iam/me/channels/:type","/api/iam/me/channels/:type","The caller’s channels of a type","false"
"api","GET","/openapi.json","/api/openapi.json","","true"
"auth","GET","/eac/challenge","/auth/eac/challenge","Easy Anti-Cheat challenge","false"
"auth","GET","/cachedlogin/forplatformid/:platform/:id","/auth/cachedlogin/forplatformid/:platform/:id","Accounts linked to a platform id","false"
"auth","POST","/cachedlogin/forplatformid/:platform/:id","/auth/cachedlogin/forplatformid/:platform/:id","Accounts linked to a platform id","false"
"auth","POST","/cachedlogin/forplatformids","/auth/cachedlogin/forplatformids","Bulk cached-login lookup (friends resolution)","false"
"auth","POST","/connect/token","/auth/connect/token","OAuth token endpoint — issues a JWT","false"
"auth","POST","/account/me/changepassword","/auth/account/me/changepassword","Change the caller's password","false"
"auth","GET","/privileges/me/restrictions","/auth/privileges/me/restrictions","The caller’s moderation restrictions","false"
"auth","GET","/role/developer/:id","/auth/role/developer/:id","Whether a player has the developer role","false"
"auth","GET","/role/moderator/:id","/auth/role/moderator/:id","Whether a player has the moderator role","false"
"auth","GET","/oculus/nonce","/auth/oculus/nonce","A fresh nonce for the Oculus login flow","false"
"auth","GET","/openapi.json","/auth/openapi.json","","true"
"cards","GET","/","/cards/","","false"
"cdn","GET","/","/cdn/","Service liveness","false"
"cdn","GET","/config/LoadingScreenTipData","/cdn/config/LoadingScreenTipData","Loading-screen tips","false"
"cdn","GET","/config/:name","/cdn/config/:name","Serve a config file","false"
"cdn","GET","/sigs/:sigName","/cdn/sigs/:sigName","Serve a signature blob","false"
"cdn","GET","/room/:dataBlob{.+}","/cdn/room/:dataBlob{.+}","Serve room build data","false"
"cdn","GET","/invention/:dataBlob{.+}","/cdn/invention/:dataBlob{.+}","Serve invention data","false"
"cdn","GET","/data/:id{.+}","/cdn/data/:id{.+}","Serve a client data blob","false"
"cdn","GET","/openapi.json","/cdn/openapi.json","","true"
"chat","GET","/","/chat/","Service liveness","false"
"chat","GET","/thread","/chat/thread","The caller’s thread list","false"
"chat","POST","/thread","/chat/thread","Open a thread with a set of players and post the first message","false"
"chat","GET","/settings/partyinvite","/chat/settings/partyinvite","Party invite settings","false"
"chat","GET","/thread/party","/chat/thread/party","The caller’s current party thread (GetPartyChat)","false"
"chat","POST","/thread/party","/chat/thread/party","Open a party thread for the caller (CreatePartyChat)","false"
"chat","GET","/thread/chatPrivacySetting","/chat/thread/chatPrivacySetting","The caller’s chat privacy settings","false"
"chat","PUT","/thread/chatPrivacySetting","/chat/thread/chatPrivacySetting","Set the caller’s chat privacy settings","false"
"chat","GET","/thread/checkCanSendDirectMessageWithPrivacySetting","/chat/thread/checkCanSendDirectMessageWithPrivacySetting","May the caller DM this player?","false"
"chat","POST","/thread/withmembers","/chat/thread/withmembers","Fetch or open the thread with exactly these members","false"
"chat","GET","/thread/:id{[0-9]+}","/chat/thread/:id{[0-9]+}","One thread with its recent messages","false"
"chat","POST","/thread/:id{[0-9]+}","/chat/thread/:id{[0-9]+}","Send a message to an existing thread (`/thread/{id}`)","false"
"chat","POST","/thread/:id{[0-9]+}/message","/chat/thread/:id{[0-9]+}/message","Send a message to an existing thread (`/thread/{id}/message`)","false"
"chat","POST","/thread/:id{[0-9]+}/rename","/chat/thread/:id{[0-9]+}/rename","Rename a thread","false"
"chat","PUT","/thread/:id{[0-9]+}/rename","/chat/thread/:id{[0-9]+}/rename","Rename a thread","false"
"chat","POST","/thread/:id{[0-9]+}/leave","/chat/thread/:id{[0-9]+}/leave","Leave a thread","false"
"chat","DELETE","/thread/:id{[0-9]+}/leave","/chat/thread/:id{[0-9]+}/leave","Leave a thread","false"
"chat","POST","/thread/:id{[0-9]+}/snooze","/chat/thread/:id{[0-9]+}/snooze","Snooze or unsnooze a thread","false"
"chat","PUT","/thread/:id{[0-9]+}/snooze","/chat/thread/:id{[0-9]+}/snooze","Snooze or unsnooze a thread","false"
"chat","PUT","/thread/:id{[0-9]+}/favorite","/chat/thread/:id{[0-9]+}/favorite","Favorite or unfavorite a thread","false"
"chat","POST","/thread/:id{[0-9]+}/favorite","/chat/thread/:id{[0-9]+}/favorite","Favorite or unfavorite a thread","false"
"chat","POST","/thread/:id{[0-9]+}/member/:playerId{[0-9]+}","/chat/thread/:id{[0-9]+}/member/:playerId{[0-9]+}","Add a player to a thread","false"
"chat","PUT","/thread/:id{[0-9]+}/read","/chat/thread/:id{[0-9]+}/read","Mark a whole thread read","false"
"chat","POST","/thread/:id{[0-9]+}/read","/chat/thread/:id{[0-9]+}/read","Mark a whole thread read","false"
"chat","PUT","/thread/:id{[0-9]+}/message/:messageId{[0-9]+}/read","/chat/thread/:id{[0-9]+}/message/:messageId{[0-9]+}/read","Mark read up to a specific message","false"
"chat","POST","/thread/:id{[0-9]+}/message/:messageId{[0-9]+}/read","/chat/thread/:id{[0-9]+}/message/:messageId{[0-9]+}/read","Mark read up to a specific message","false"
"chat","GET","/thread/:id{[0-9]+}/message","/chat/thread/:id{[0-9]+}/message","A page of one thread’s messages","false"
"chat","GET","/openapi.json","/chat/openapi.json","","true"
"clubs","GET","/club/home/me","/clubs/club/home/me","The player’s home club","false"
"clubs","PUT","/club/home/me","/clubs/club/home/me","Set the player’s home club","false"
"clubs","DELETE","/club/home/me","/clubs/club/home/me","Clear the player’s home club","false"
"clubs","GET","/subscription/mine/member","/clubs/subscription/mine/member","The caller’s club-subscription memberships","false"
"clubs","GET","/subscription/details/:accountId{[0-9]+}","/clubs/subscription/details/:accountId{[0-9]+}","Subscription details for an account","false"
"clubs","GET","/subscription/details/:subscription","/clubs/subscription/details/:subscription","Details for a named subscription","false"
"clubs","GET","/subscription/subscriberCount/:accountId{[0-9]+}","/clubs/subscription/subscriberCount/:accountId{[0-9]+}","Subscriber count for an account","false"
"clubs","GET","/announcements/v2/mine/unread","/clubs/announcements/v2/mine/unread","The player’s clubs with unread announcements","false"
"clubs","GET","/announcements/v2/subscription/mine/unread","/clubs/announcements/v2/subscription/mine/unread","The player’s subscribed clubs with unread announcements","false"
"clubs","GET","/announcements/club/:clubId{[0-9]+}","/clubs/announcements/club/:clubId{[0-9]+}","A club’s announcements","false"
"clubs","POST","/announcements/club/:clubId{[0-9]+}","/clubs/announcements/club/:clubId{[0-9]+}","Post an announcement to a club","false"
"clubs","GET","/club/mine/member","/clubs/club/mine/member","The clubs the player is a member of","false"
"clubs","GET","/club/mine/created","/clubs/club/mine/created","The clubs the player created","false"
"clubs","GET","/club/search","/clubs/club/search","Club search / browse","false"
"clubs","GET","/club/categoryTags","/clubs/club/categoryTags","Club category tags","false"
"clubs","POST","/club/create","/clubs/club/create","Create a club","false"
"clubs","PUT","/club/:clubId{[0-9]+}/modifydetails","/clubs/club/:clubId{[0-9]+}/modifydetails","Edit a club’s details","false"
"clubs","PUT","/club/:clubId{[0-9]+}/modify","/clubs/club/:clubId{[0-9]+}/modify","Edit a club’s details","false"
"clubs","GET","/club/:clubId{[0-9]+}/details","/clubs/club/:clubId{[0-9]+}/details","A club’s full details","false"
"clubs","GET","/club/:clubId{[0-9]+}/hasDisabledClubChat","/clubs/club/:clubId{[0-9]+}/hasDisabledClubChat","Whether the club has turned club chat off","false"
"clubs","GET","/club/:clubId{[0-9]+}/members","/clubs/club/:clubId{[0-9]+}/members","A club’s members","false"
"clubs","PUT","/club/:clubId{[0-9]+}/minlevel","/clubs/club/:clubId{[0-9]+}/minlevel","Set the club’s minimum join level","false"
"clubs","PUT","/club/:clubId{[0-9]+}/clubhouse","/clubs/club/:clubId{[0-9]+}/clubhouse","Set or clear the club’s clubhouse room","false"
"clubs","DELETE","/club/:clubId{[0-9]+}/clubhouse","/clubs/club/:clubId{[0-9]+}/clubhouse","Set or clear the club’s clubhouse room","false"
"clubs","GET","/club/:clubId{[0-9]+}/mainimage","/clubs/club/:clubId{[0-9]+}/mainimage","Read the club’s main image","false"
"clubs","PUT","/club/:clubId{[0-9]+}/mainimage","/clubs/club/:clubId{[0-9]+}/mainimage","Set the club’s main image","false"
"clubs","PUT","/club/:clubId{[0-9]+}/additionalimage/:index{[0-9]+}","/clubs/club/:clubId{[0-9]+}/additionalimage/:index{[0-9]+}","Set or remove one of the club’s gallery images","false"
"clubs","DELETE","/club/:clubId{[0-9]+}/additionalimage/:index{[0-9]+}","/clubs/club/:clubId{[0-9]+}/additionalimage/:index{[0-9]+}","Set or remove one of the club’s gallery images","false"
"clubs","GET","/club/:clubId{[0-9]+}","/clubs/club/:clubId{[0-9]+}","A single club by id","false"
"clubs","DELETE","/club/:clubId{[0-9]+}","/clubs/club/:clubId{[0-9]+}","Delete a club","false"
"clubs","PUT","/club/:clubId{[0-9]+}/members/requesttojoin","/clubs/club/:clubId{[0-9]+}/members/requesttojoin","Ask to join a club","false"
"clubs","PUT","/club/:clubId{[0-9]+}/members/invite","/clubs/club/:clubId{[0-9]+}/members/invite","Invite an account into the club","false"
"clubs","POST","/club/:clubId{[0-9]+}/members/leave","/clubs/club/:clubId{[0-9]+}/members/leave","Leave a club","false"
"clubs","POST","/club/:clubId{[0-9]+}/join","/clubs/club/:clubId{[0-9]+}/join","Join a club","false"
"clubs","POST","/club/:clubId{[0-9]+}/leave","/clubs/club/:clubId{[0-9]+}/leave","Leave a club (bare-club form)","false"
"clubs","GET","/openapi.json","/clubs/openapi.json","","true"
"commerce","GET","/","/commerce/","Health check","false"
"commerce","GET","/purchase/v1/hasspentmoney","/commerce/purchase/v1/hasspentmoney","Whether the player has ever spent money","false"
"commerce","POST","/purchase/v1/initiatepurchase","/commerce/purchase/v1/initiatepurchase","Begin a purchase","false"
"commerce","GET","/api/catalog/v1/all","/commerce/api/catalog/v1/all","The purchasable SKU catalog","false"
"commerce","GET","/purchase/v1/cleanuppending","/commerce/purchase/v1/cleanuppending","Reconcile pending purchases (no-op)","false"
"commerce","POST","/purchase/v1/cleanuppending","/commerce/purchase/v1/cleanuppending","Reconcile pending purchases (no-op)","false"
"commerce","GET","/purchasecampaign/allcurrent/v2","/commerce/purchasecampaign/allcurrent/v2","Current purchase campaigns","false"
"commerce","GET","/reminder/currentTokenBundles/v2","/commerce/reminder/currentTokenBundles/v2","Token-bundle purchase reminders","false"
"commerce","GET","/openapi.json","/commerce/openapi.json","","true"
"datacollection","GET","/","/datacollection/","","false"
"datacollection","POST","/data/event","/datacollection/data/event","","false"
"datacollection","POST","/data/events","/datacollection/data/events","","false"
"datacollection","GET","/sampling","/datacollection/sampling","","false"
"discovery","GET","/","/discovery/","Health check","false"
"discovery","GET","/sections/bulk","/discovery/sections/bulk","Look up sections by id","false"
"discovery","GET","/sections/pagesource/:type","/discovery/sections/pagesource/:type","Section layout for a page source","false"
"discovery","GET","/openapi.json","/discovery/openapi.json","","true"
"econ","POST","/api/avatar/v1/lockeditems/bulk","/econ/api/avatar/v1/lockeditems/bulk","Locked avatar items in bulk","false"
"econ","GET","/api/avatar/v1/defaultunlocked","/econ/api/avatar/v1/defaultunlocked","Default-unlocked avatar items","false"
"econ","GET","/api/avatar/v1/defaultbaseavataritems","/econ/api/avatar/v1/defaultbaseavataritems","Default base avatar items","false"
"econ","GET","/api/avatar/v4/items","/econ/api/avatar/v4/items","The player’s avatar items","false"
"econ","GET","/econ/customAvatarItems/v1/owned","/econ/econ/customAvatarItems/v1/owned","Owned custom avatar items","false"
"econ","GET","/api/objectives/v1/myprogress","/econ/api/objectives/v1/myprogress","Objectives progress","false"
"econ","GET","/api/objectives/v1/cleargroup","/econ/api/objectives/v1/cleargroup","Clear an objectives group (no-op)","false"
"econ","POST","/api/objectives/v1/cleargroup","/econ/api/objectives/v1/cleargroup","Clear an objectives group (no-op)","false"
"econ","POST","/api/objectives/v1/updateobjective","/econ/api/objectives/v1/updateobjective","Report objective progress","false"
"econ","GET","/api/avatar/v2","/econ/api/avatar/v2","The player’s own avatar","false"
"econ","POST","/api/avatar/v2/set","/econ/api/avatar/v2/set","Save the player’s avatar","false"
"econ","GET","/api/checklist/v1/current","/econ/api/checklist/v1/current","NUX checklist","false"
"econ","GET","/api/checklist/v2/current","/econ/api/checklist/v2/current","NUX checklist","false"
"econ","POST","/api/checklist/v1/complete","/econ/api/checklist/v1/complete","Complete a checklist row (stub)","false"
"econ","POST","/api/checklist/v2/complete","/econ/api/checklist/v2/complete","Complete a checklist row (stub)","false"
"econ","GET","/api/itemWishlists/v1/wishlist/me","/econ/api/itemWishlists/v1/wishlist/me","The player’s item wishlist","false"
"econ","GET","/api/itemWishlists/v1/wishlist/:accountId{[0-9]+}","/econ/api/itemWishlists/v1/wishlist/:accountId{[0-9]+}","Another player’s item wishlist","false"
"econ","GET","/api/avatar/v3/saved","/econ/api/avatar/v3/saved","The player’s saved outfits","false"
"econ","POST","/api/avatar/v3/saved/set","/econ/api/avatar/v3/saved/set","Save an outfit into a slot","false"
"econ","POST","/api/avatar/v4/saved/set","/econ/api/avatar/v4/saved/set","Save an outfit into a slot (v4)","false"
"econ","GET","/api/avatar/v2/gifts","/econ/api/avatar/v2/gifts","Pending gift boxes","false"
"econ","POST","/api/avatar/v2/gifts/consume","/econ/api/avatar/v2/gifts/consume","Open (consume) a gift box","false"
"econ","GET","/api/avatar/v2/:id","/econ/api/avatar/v2/:id","Another player’s avatar (render subset)","false"
"econ","GET","/api/equipment/v2/getUnlocked","/econ/api/equipment/v2/getUnlocked","Unlocked equipment","false"
"econ","PUT","/api/equipment/v1/update","/econ/api/equipment/v1/update","Update owned equipment","false"
"econ","POST","/api/equipment/v1/update","/econ/api/equipment/v1/update","Update owned equipment","false"
"econ","GET","/api/roomconsumables/v1/roomConsumable/room/:roomId","/econ/api/roomconsumables/v1/roomConsumable/room/:roomId","Room consumables","false"
"econ","GET","/api/roomconsumables/v1/roomConsumable/room/:roomId/me","/econ/api/roomconsumables/v1/roomConsumable/room/:roomId/me","The caller’s room consumables","false"
"econ","GET","/api/roomcurrencies/v1/currencies","/econ/api/roomcurrencies/v1/currencies","Room currencies","false"
"econ","GET","/api/roomcurrencies/v1/getAllBalances","/econ/api/roomcurrencies/v1/getAllBalances","Room balances","false"
"econ","GET","/econ/roomInventory/room/:roomId","/econ/econ/roomInventory/room/:roomId","A room’s inventory","false"
"econ","GET","/econ/roomInventory/room/:roomId/player","/econ/econ/roomInventory/room/:roomId/player","The caller’s inventory in a room","false"
"econ","GET","/econ/roomInventoryItemTags/room/:roomId","/econ/econ/roomInventoryItemTags/room/:roomId","A room’s inventory item tags","false"
"econ","GET","/econ/roomOffer/room/:roomId","/econ/econ/roomOffer/room/:roomId","A room’s offers","false"
"econ","GET","/econ/roomOffer/room/:roomId/purchaseCounts","/econ/econ/roomOffer/room/:roomId/purchaseCounts","Per-offer purchase counts for a room","false"
"econ","GET","/econ/roomGiftDropShops/room/:roomId","/econ/econ/roomGiftDropShops/room/:roomId","A room’s gift-drop shops","false"
"econ","GET","/econ/roomEconConfig/:roomId","/econ/econ/roomEconConfig/:roomId","A room’s economy config","false"
"econ","GET","/api/ugcPurchasables/v1/items/room/:roomId","/econ/api/ugcPurchasables/v1/items/room/:roomId","A room’s UGC purchasables","false"
"econ","POST","/api/ugcPurchasables/v1/items/bulk","/econ/api/ugcPurchasables/v1/items/bulk","Look up UGC purchasables by id","false"
"econ","POST","/api/items/purchaseInfos","/econ/api/items/purchaseInfos","Purchase info for a bag of items","false"
"econ","GET","/api/consumables/v2/getUnlocked","/econ/api/consumables/v2/getUnlocked","Unlocked consumables","false"
"econ","POST","/api/consumables/v1/consume","/econ/api/consumables/v1/consume","Consume a quantity of an owned consumable","false"
"econ","GET","/api/storefronts/v4/balance/:currencyType","/econ/api/storefronts/v4/balance/:currencyType","Currency balance","false"
"econ","GET","/api/storefronts/v3/giftdropstore/:id","/econ/api/storefronts/v3/giftdropstore/:id","Gift-drop storefront catalog","false"
"econ","POST","/api/storefronts/v2/buyItem","/econ/api/storefronts/v2/buyItem","Buy a storefront item","false"
"econ","POST","/api/items/bulkpurchase","/econ/api/items/bulkpurchase","Buy a bag of storefront items","false"
"econ","GET","/api/storefronts/v2/buyInvention","/econ/api/storefronts/v2/buyInvention","Buy an invention","false"
"econ","POST","/api/storefronts/v3/buyInvention","/econ/api/storefronts/v3/buyInvention","Buy an invention (JSON body)","false"
"econ","GET","/api/storefronts/v1/adcarouselitems","/econ/api/storefronts/v1/adcarouselitems","Storefront ad-carousel items","false"
"econ","GET","/api/challenge/v2/getCurrent","/econ/api/challenge/v2/getCurrent","Current weekly challenge","false"
"econ","POST","/api/challenge/v2/updateProgress","/econ/api/challenge/v2/updateProgress","Report weekly-challenge progress","false"
"econ","GET","/api/gamerewards/v1/pending","/econ/api/gamerewards/v1/pending","Pending game rewards","false"
"econ","POST","/api/gamerewards/v1/request","/econ/api/gamerewards/v1/request","Request a game reward","false"
"econ","GET","/api/roomkeys/v1/mine","/econ/api/roomkeys/v1/mine","The player’s room keys","false"
"econ","GET","/api/roomkeys/v1/room","/econ/api/roomkeys/v1/room","Room keys for a room","false"
"econ","GET","/api/CampusCard/v1/SignUpBonus","/econ/api/CampusCard/v1/SignUpBonus","Rec Room Plus sign-up bonus","false"
"econ","POST","/api/CampusCard/v1/UpdateAndGetSubscription","/econ/api/CampusCard/v1/UpdateAndGetSubscription","Subscription lookup","false"
"econ","GET","/api/subscriptionseasons/v1/seasons/current","/econ/api/subscriptionseasons/v1/seasons/current","Current subscription seasons","false"
"econ","GET","/api/makerai/checkfreetrialeligibility","/econ/api/makerai/checkfreetrialeligibility","Maker AI free-trial eligibility","false"
"econ","GET","/api/incentivizedreferrals/progress","/econ/api/incentivizedreferrals/progress","The caller’s referral-reward progress","false"
"econ","GET","/api/influencerpartnerprogram/influencers","/econ/api/influencerpartnerprogram/influencers","Every influencer in the partner program","false"
"econ","GET","/api/influencerpartnerprogram/influencer","/econ/api/influencerpartnerprogram/influencer","An account’s influencer partner program tier","false"
"econ","GET","/api/influencerpartnerprogram/myinfluencer","/econ/api/influencerpartnerprogram/myinfluencer","The caller’s influencer partner program tier","false"
"econ","GET","/openapi.json","/econ/openapi.json","","true"
"img","GET","/","/img/","Service status","false"
"img","GET","/openapi.json","/img/openapi.json","","true"
"img","GET","/:key{.+}","/img/:key{.+}","Serve an image by key","false"
"leaderboard","GET","/","/leaderboard/","Health check","false"
"leaderboard","POST","/leaderboard/GetNearbyScores","/leaderboard/leaderboard/GetNearbyScores","The scores around a player","false"
"leaderboard","POST","/leaderboard/GetRanks","/leaderboard/leaderboard/GetRanks","A page of the board","false"
"leaderboard","POST","/leaderboard/GetPlayerRank","/leaderboard/leaderboard/GetPlayerRank","One player’s rank","false"
"leaderboard","POST","/leaderboard/CheckAndSetStat","/leaderboard/leaderboard/CheckAndSetStat","Write a player’s stat","false"
"leaderboard","GET","/openapi.json","/leaderboard/openapi.json","","true"
"link","GET","/","/link/","","false"
"lists","GET","/","/lists/","Health check","false"
"lists","GET","/curatedlists/bulk","/lists/curatedlists/bulk","Curated lists by id","false"
"lists","GET","/curatedlists","/lists/curatedlists","One curated list","false"
"lists","PUT","/curatedlists/:name/items/:itemId/createlistifneeded","/lists/curatedlists/:name/items/:itemId/createlistifneeded","Save an item into the caller’s list","false"
"lists","GET","/algorithmiclists/:list","/lists/algorithmiclists/:list","One discovery row’s contents","false"
"lists","POST","/contextualfeatures","/lists/contextualfeatures","Acknowledge a contextual-features post","false"
"lists","GET","/openapi.json","/lists/openapi.json","","true"
"match","POST","/player/login","/match/player/login","Record the session login lock","false"
"match","POST","/player/exclusivelogin","/match/player/exclusivelogin","Exclusive-login ack (no-op)","false"
"match","POST","/player/logout","/match/player/logout","Clear presence on logout","false"
"match","POST","/player/notifydisconnect","/match/player/notifydisconnect","Photon disconnect notification","false"
"match","GET","/tachyon","/match/tachyon","The room instance a player is in","false"
"match","GET","/clubhousesearch/mostactivenow","/match/clubhousesearch/mostactivenow","The busiest clubhouses right now","false"
"match","GET","/player","/match/player","Batch player presence lookup","false"
"match","POST","/player/heartbeat","/match/player/heartbeat","Presence heartbeat","false"
"match","PUT","/player/statusvisibility","/match/player/statusvisibility","Set status visibility","false"
"match","GET","/player/avoidjuniors","/match/player/avoidjuniors","The player’s “avoid juniors” preference","false"
"match","PUT","/player/avoidjuniors","/match/player/avoidjuniors","Set the player’s “avoid juniors” preference","false"
"match","POST","/matchmake/club/:clubId{[0-9]+}","/match/matchmake/club/:clubId{[0-9]+}","Matchmake into a club’s clubhouse","false"
"match","POST","/matchmake/event/:eventId{[0-9]+}","/match/matchmake/event/:eventId{[0-9]+}","Matchmake into a player event","false"
"match","POST","/matchmake/player/:playerId{[0-9]+}","/match/matchmake/player/:playerId{[0-9]+}","Follow a friend into their room","false"
"match","POST","/matchmake/v2/player/:playerId{[0-9]+}","/match/matchmake/v2/player/:playerId{[0-9]+}","Join the player who invited you (v2)","false"
"match","POST","/matchmake/invite/:inviteId{[0-9]+}","/match/matchmake/invite/:inviteId{[0-9]+}","Accept a game invite","false"
"match","POST","/matchmake/instance/:instanceId{[0-9]+}","/match/matchmake/instance/:instanceId{[0-9]+}","Join a specific instance (owner only)","false"
"match","POST","/matchmake/room/:roomId/:subRoomId{[0-9]+}","/match/matchmake/room/:roomId/:subRoomId{[0-9]+}","Matchmake into a specific subroom","false"
"match","POST","/matchmake/room/:roomId","/match/matchmake/room/:roomId","Matchmake into a room (default subroom)","false"
"match","POST","/matchmake/v2/room/:roomId/:subRoomId{[0-9]+}","/match/matchmake/v2/room/:roomId/:subRoomId{[0-9]+}","Matchmake into a specific subroom (v2)","false"
"match","POST","/matchmake/v2/room/:roomId","/match/matchmake/v2/room/:roomId","Matchmake into a room (v2, default subroom)","false"
"match","POST","/matchmake/none","/match/matchmake/none","Matchmake with no target","false"
"match","POST","/matchmake/dorm","/match/matchmake/dorm","Matchmake into the player’s dorm","false"
"match","GET","/player/connection-info","/match/player/connection-info","Photon connection info","false"
"match","GET","/player/qos","/match/player/qos","QoS probe targets","false"
"match","PUT","/player/photonregionpings","/match/player/photonregionpings","Photon region pings (no-op ack)","false"
"match","PUT","/player/gameserverregionpings","/match/player/gameserverregionpings","Game-server region pings (no-op ack)","false"
"match","POST","/invite","/match/invite","Invite a player into the caller’s room instance","false"
"match","POST","/roominstance/:id/reportjoinresult","/match/roominstance/:id/reportjoinresult","Report join result (no-op ack)","false"
"match","PUT","/roominstance/:id/inprogress","/match/roominstance/:id/inprogress","Set instance in-progress flag","false"
"match","POST","/roominstance/:id/markprivate","/match/roominstance/:id/markprivate","Mark an instance private (owner only)","false"
"match","GET","/room/:roomId{[0-9]+}/instances","/match/room/:roomId{[0-9]+}/instances","A room’s live instances","false"
"match","GET","/rooms/requiring/developer","/match/rooms/requiring/developer","Rooms requiring a developer","false"
"match","GET","/rooms/requiring/rrplus","/match/rooms/requiring/rrplus","Rooms requiring RR+","false"
"match","GET","/openapi.json","/match/openapi.json","","true"
"moderation","GET","/","/moderation/","","false"
"moderation","GET","/voice/config","/moderation/voice/config","","false"
"notify","POST","/hub/v1/negotiate","/notify/hub/v1/negotiate","","false"
"notify","GET","/hub/v1","/notify/hub/v1","","false"
"notify","POST","/internal/notify","/notify/internal/notify","","false"
"notify","POST","/internal/broadcast","/notify/internal/broadcast","","false"
"notify","POST","/internal/coach-message-all","/notify/internal/coach-message-all","","false"
"notify","POST","/internal/coach-message","/notify/internal/coach-message","","false"
"notify","GET","/internal/hub-state","/notify/internal/hub-state","","false"
"notify","DELETE","/internal/hub-state/pending","/notify/internal/hub-state/pending","","false"
"ns","GET","/","/ns/","","false"
"platformnotifications","GET","/","/platformnotifications/","","false"
"platformnotifications","GET","/accounts/:id{[0-9]+}/receives/GameplayInvites","/platformnotifications/accounts/:id{[0-9]+}/receives/GameplayInvites","","false"
"platformnotifications","GET","/config/categories","/platformnotifications/config/categories","","false"
"platformnotifications","GET","/crm/me/config/v3","/platformnotifications/crm/me/config/v3","","false"
"platformnotifications","GET","/preferences","/platformnotifications/preferences","","false"
"playersettings","GET","/","/playersettings/","Health check","false"
"playersettings","GET","/playersettings","/playersettings/playersettings","The player’s settings","false"
"playersettings","PUT","/playersettings","/playersettings/playersettings","Write the player’s settings","false"
"playersettings","DELETE","/playersettings","/playersettings/playersettings","Delete a player setting","false"
"playersettings","GET","/openapi.json","/playersettings/openapi.json","","true"
"roomcomments","GET","/","/roomcomments/","Health check","false"
"roomcomments","GET","/comments/get/:roomId","/roomcomments/comments/get/:roomId","A room’s comments","false"
"roomcomments","POST","/comments/create/:roomId","/roomcomments/comments/create/:roomId","Leave a comment in a room","false"
"roomcomments","GET","/openapi.json","/roomcomments/openapi.json","","true"
"rooms","GET","/","/rooms/","Service liveness","false"
"rooms","GET","/rooms","/rooms/rooms","Look up a room by id or name","false"
"rooms","GET","/rooms/search","/rooms/rooms/search","Search rooms","false"
"rooms","GET","/rooms/autocomplete_search","/rooms/rooms/autocomplete_search","Search suggestions for the search box","false"
"rooms","GET","/rooms/hot","/rooms/rooms/hot","The “hot” rooms feed","false"
"rooms","GET","/rooms/curated_playlists","/rooms/rooms/curated_playlists","Curated room playlists","false"
"rooms","GET","/rooms/carousel/rising","/rooms/rooms/carousel/rising","The “rising” rooms carousel","false"
"rooms","GET","/rooms/base","/rooms/rooms/base","Base (template) rooms","false"
"rooms","GET","/rooms/recommendations","/rooms/rooms/recommendations","Recommended rooms","false"
"rooms","GET","/featuredrooms/current","/rooms/featuredrooms/current","Featured rooms","false"
"rooms","GET","/rooms/bulk","/rooms/rooms/bulk","Look up several rooms at once","false"
"rooms","POST","/rooms/bulk","/rooms/rooms/bulk","Look up several rooms at once (bulk POST)","false"
"rooms","GET","/roomserver/rooms/createdby/me","/rooms/roomserver/rooms/createdby/me","Rooms the caller created (legacy path)","false"
"rooms","GET","/rooms/ownedby/me","/rooms/rooms/ownedby/me","Rooms the caller owns (excluding their dorm)","false"
"rooms","GET","/rooms/createdby/me","/rooms/rooms/createdby/me","Rooms the caller created","false"
"rooms","GET","/rooms/contributedby/me","/rooms/rooms/contributedby/me","Rooms the caller owns or contributes to","false"
"rooms","GET","/dormroom/me","/rooms/dormroom/me","The caller’s dorm id","false"
"rooms","GET","/rooms/ownedby/:accountId{[0-9]+}","/rooms/rooms/ownedby/:accountId{[0-9]+}","Another player’s public rooms","false"
"rooms","GET","/showcase/:playerId{[0-9]+}","/rooms/showcase/:playerId{[0-9]+}","A player’s showcased rooms","false"
"rooms","GET","/rooms/favoritedby/me","/rooms/rooms/favoritedby/me","Rooms the caller favorited","false"
"rooms","GET","/rooms/visitedby/me","/rooms/rooms/visitedby/me","Rooms the caller visited","false"
"rooms","GET","/rooms/visitedby/:playerId{[0-9]+}","/rooms/rooms/visitedby/:playerId{[0-9]+}","A friend’s visited rooms","false"
"rooms","GET","/rooms/:roomId{[0-9]+}/interactionby/me","/rooms/rooms/:roomId{[0-9]+}/interactionby/me","The caller’s state on a room","false"
"rooms","PUT","/rooms/:roomId{[0-9]+}/interactionby/me/cheer","/rooms/rooms/:roomId{[0-9]+}/interactionby/me/cheer","Toggle the caller’s cheer on a room","false"
"rooms","DELETE","/rooms/:roomId{[0-9]+}/interactionby/me/cheer","/rooms/rooms/:roomId{[0-9]+}/interactionby/me/cheer","Un-cheer a room","false"
"rooms","PUT","/rooms/:roomId{[0-9]+}/interactionby/me/favorite","/rooms/rooms/:roomId{[0-9]+}/interactionby/me/favorite","Toggle the caller’s favorite on a room","false"
"rooms","DELETE","/rooms/:roomId{[0-9]+}/interactionby/me/favorite","/rooms/rooms/:roomId{[0-9]+}/interactionby/me/favorite","Un-favorite a room","false"
"rooms","POST","/rooms/:roomId{[0-9]+}/clone","/rooms/rooms/:roomId{[0-9]+}/clone","Clone a room","false"
"rooms","PUT","/rooms/:roomId{[0-9]+}/description","/rooms/rooms/:roomId{[0-9]+}/description","Set a room’s description","false"
"rooms","PUT","/rooms/:roomId{[0-9]+}/name","/rooms/rooms/:roomId{[0-9]+}/name","Rename a room","false"
"rooms","PUT","/rooms/:roomId{[0-9]+}/tags","/rooms/rooms/:roomId{[0-9]+}/tags","Toggle a tag on a room","false"
"rooms","PUT","/rooms/:roomId{[0-9]+}/image","/rooms/rooms/:roomId{[0-9]+}/image","Set a room’s image","false"
"rooms","DELETE","/rooms/:roomId{[0-9]+}","/rooms/rooms/:roomId{[0-9]+}","Delete a room","false"
"rooms","GET","/rooms/:roomId{[0-9]+}/roles","/rooms/rooms/:roomId{[0-9]+}/roles","A room’s roles","false"
"rooms","PUT","/rooms/:roomId{[0-9]+}/roles/:accountId{[0-9]+}","/rooms/rooms/:roomId{[0-9]+}/roles/:accountId{[0-9]+}","Set a player’s role in a room","false"
"rooms","PUT","/rooms/:roomId{[0-9]+}/roles/:accountId{[0-9]+}/invite","/rooms/rooms/:roomId{[0-9]+}/roles/:accountId{[0-9]+}/invite","Invite a player to a room role","false"
"rooms","GET","/rooms/:roomId{[0-9]+}/bans","/rooms/rooms/:roomId{[0-9]+}/bans","A room’s ban list","false"
"rooms","POST","/rooms/:roomId{[0-9]+}/bans","/rooms/rooms/:roomId{[0-9]+}/bans","Ban a player from a room","false"
"rooms","GET","/Room_server/rooms/:roomId{[0-9]+}/bans/:playerId{[0-9]+}/isBanned","/rooms/Room_server/rooms/:roomId{[0-9]+}/bans/:playerId{[0-9]+}/isBanned","Whether a player is banned from a room","false"
"rooms","GET","/rooms/:roomId{[0-9]+}/bans/:playerId{[0-9]+}/isBanned","/rooms/rooms/:roomId{[0-9]+}/bans/:playerId{[0-9]+}/isBanned","Whether a player is banned from a room (unprefixed path)","false"
"rooms","DELETE","/rooms/:roomId{[0-9]+}/bans/:playerId{[0-9]+}","/rooms/rooms/:roomId{[0-9]+}/bans/:playerId{[0-9]+}","Unban a player from a room","false"
"rooms","POST","/rooms/:roomId{[0-9]+}/leaderboards/:leaderboardId{[0-9]+}","/rooms/rooms/:roomId{[0-9]+}/leaderboards/:leaderboardId{[0-9]+}","Configure a room leaderboard","false"
"rooms","DELETE","/rooms/:roomId{[0-9]+}/leaderboards/:leaderboardId{[0-9]+}","/rooms/rooms/:roomId{[0-9]+}/leaderboards/:leaderboardId{[0-9]+}","Remove a room leaderboard","false"
"rooms","PUT","/rooms/:roomId{[0-9]+}/warning","/rooms/rooms/:roomId{[0-9]+}/warning","Set a room’s content warning","false"
"rooms","PUT","/rooms/:roomId{[0-9]+}/cloning","/rooms/rooms/:roomId{[0-9]+}/cloning","Allow or block cloning of a room","false"
"rooms","PUT","/rooms/:roomId{[0-9]+}/restrictions","/rooms/rooms/:roomId{[0-9]+}/restrictions","Set a room’s platform/movement support flags","false"
"rooms","PUT","/rooms/:roomId{[0-9]+}/loadscreen","/rooms/rooms/:roomId{[0-9]+}/loadscreen","Set a room’s load screen","false"
"rooms","PUT","/rooms/:roomId{[0-9]+}/accessibility","/rooms/rooms/:roomId{[0-9]+}/accessibility","Set a room’s accessibility","false"
"rooms","GET","/rooms/:roomId{[0-9]+}/subrooms/:subRoomId{[0-9]+}/saves","/rooms/rooms/:roomId{[0-9]+}/subrooms/:subRoomId{[0-9]+}/saves","A subroom’s saved-data versions","false"
"rooms","GET","/rooms/:roomId{[0-9]+}/subrooms/:subRoomId{[0-9]+}/saves/no_unity_assets","/rooms/rooms/:roomId{[0-9]+}/subrooms/:subRoomId{[0-9]+}/saves/no_unity_assets","A subroom’s saves, without their Unity-asset payloads","false"
"rooms","GET","/rooms/:roomId{[0-9]+}/subrooms/:subRoomId{[0-9]+}/saves/:saveId{[0-9]+}","/rooms/rooms/:roomId{[0-9]+}/subrooms/:subRoomId{[0-9]+}/saves/:saveId{[0-9]+}","One of a subroom’s saves by id","false"
"rooms","POST","/rooms/:roomId{[0-9]+}/subrooms/:subRoomId{[0-9]+}/data","/rooms/rooms/:roomId{[0-9]+}/subrooms/:subRoomId{[0-9]+}/data","Save a subroom’s data (room save)","false"
"rooms","PUT","/rooms/:roomId{[0-9]+}/subrooms/:subRoomId{[0-9]+}/modify","/rooms/rooms/:roomId{[0-9]+}/subrooms/:subRoomId{[0-9]+}/modify","Modify a subroom’s settings","false"
"rooms","POST","/rooms/:roomId{[0-9]+}/subrooms/:subRoomId{[0-9]+}/publish_save","/rooms/rooms/:roomId{[0-9]+}/subrooms/:subRoomId{[0-9]+}/publish_save","Publish one of a subroom’s saves","false"
"rooms","PUT","/rooms/:roomId{[0-9]+}/subrooms/:subRoomId{[0-9]+}/accessibility","/rooms/rooms/:roomId{[0-9]+}/subrooms/:subRoomId{[0-9]+}/accessibility","Set a subroom’s accessibility","false"
"rooms","PUT","/rooms/:roomId{[0-9]+}/subrooms/:subRoomId{[0-9]+}/permissions","/rooms/rooms/:roomId{[0-9]+}/subrooms/:subRoomId{[0-9]+}/permissions","Set a subroom’s permissions","false"
"rooms","POST","/rooms/:roomId{[0-9]+}/subrooms/:subRoomId{[0-9]+}/clone","/rooms/rooms/:roomId{[0-9]+}/subrooms/:subRoomId{[0-9]+}/clone","Clone a subroom","false"
"rooms","POST","/rooms/:roomId{[0-9]+}/subrooms","/rooms/rooms/:roomId{[0-9]+}/subrooms","Create a subroom","false"
"rooms","DELETE","/rooms/:roomId{[0-9]+}/subrooms/:subRoomId{[0-9]+}","/rooms/rooms/:roomId{[0-9]+}/subrooms/:subRoomId{[0-9]+}","Delete a subroom","false"
"rooms","GET","/rooms/:roomId{[0-9]+}/similar","/rooms/rooms/:roomId{[0-9]+}/similar","Rooms similar to a room","false"
"rooms","GET","/rooms/:roomId{[0-9]+}/playerdata/me","/rooms/rooms/:roomId{[0-9]+}/playerdata/me","The caller’s per-room player data","false"
"rooms","GET","/rooms/:roomId{[0-9]+}/experience","/rooms/rooms/:roomId{[0-9]+}/experience","A room’s XP settings","false"
"rooms","GET","/rooms/:roomId{[0-9]+}/experience/player","/rooms/rooms/:roomId{[0-9]+}/experience/player","The caller’s per-room experience","false"
"rooms","GET","/rooms/:roomId{[0-9]+}","/rooms/rooms/:roomId{[0-9]+}","A room by id","false"
"rooms","GET","/publishState/configs","/rooms/publishState/configs","Room republish limits","false"
"rooms","GET","/photon_access_token","/rooms/photon_access_token","Photon token + room permissions","false"
"rooms","GET","/openapi.json","/rooms/openapi.json","","true"
"storage","GET","/","/storage/","Health check","false"
"storage","POST","/upload","/storage/upload","Upload a file","false"
"storage","GET","/openapi.json","/storage/openapi.json","","true"
"www","GET","/api/config","/www/api/config","","false"
"www","GET","/server-status","/www/server-status","","false"
"www","POST","/api/signup","/www/api/signup","","false"
"www","GET","/api/benefits/status","/www/api/benefits/status","","false"
"www","POST","/api/benefits/claim","/www/api/benefits/claim","","false"
"www","GET","/privacy","/www/privacy","","false"
"www","GET","/docs","/www/docs","","false"
"www","GET","/docs/openapi/:service","/www/docs/openapi/:service","","false"
"www","ALL","*","/www*","","false"
